{
  "mae": 0.468403689679786,
  "r2": -0.002779536508850544,
  "n_train": 76,
  "n_test": 19
}